[{"model": "auth.permission", "pk": 1, "fields": {"name": "Can add log entry", "content_type": 1, "codename": "add_logentry"}}, {"model": "auth.permission", "pk": 2, "fields": {"name": "Can change log entry", "content_type": 1, "codename": "change_logentry"}}, {"model": "auth.permission", "pk": 3, "fields": {"name": "Can delete log entry", "content_type": 1, "codename": "delete_logentry"}}, {"model": "auth.permission", "pk": 4, "fields": {"name": "Can add permission", "content_type": 2, "codename": "add_permission"}}, {"model": "auth.permission", "pk": 5, "fields": {"name": "Can change permission", "content_type": 2, "codename": "change_permission"}}, {"model": "auth.permission", "pk": 6, "fields": {"name": "Can delete permission", "content_type": 2, "codename": "delete_permission"}}, {"model": "auth.permission", "pk": 7, "fields": {"name": "Can add group", "content_type": 3, "codename": "add_group"}}, {"model": "auth.permission", "pk": 8, "fields": {"name": "Can change group", "content_type": 3, "codename": "change_group"}}, {"model": "auth.permission", "pk": 9, "fields": {"name": "Can delete group", "content_type": 3, "codename": "delete_group"}}, {"model": "auth.permission", "pk": 10, "fields": {"name": "Can add user", "content_type": 4, "codename": "add_user"}}, {"model": "auth.permission", "pk": 11, "fields": {"name": "Can change user", "content_type": 4, "codename": "change_user"}}, {"model": "auth.permission", "pk": 12, "fields": {"name": "Can delete user", "content_type": 4, "codename": "delete_user"}}, {"model": "auth.permission", "pk": 13, "fields": {"name": "Can add content type", "content_type": 5, "codename": "add_contenttype"}}, {"model": "auth.permission", "pk": 14, "fields": {"name": "Can change content type", "content_type": 5, "codename": "change_contenttype"}}, {"model": "auth.permission", "pk": 15, "fields": {"name": "Can delete content type", "content_type": 5, "codename": "delete_contenttype"}}, {"model": "auth.permission", "pk": 16, "fields": {"name": "Can add session", "content_type": 6, "codename": "add_session"}}, {"model": "auth.permission", "pk": 17, "fields": {"name": "Can change session", "content_type": 6, "codename": "change_session"}}, {"model": "auth.permission", "pk": 18, "fields": {"name": "Can delete session", "content_type": 6, "codename": "delete_session"}}, {"model": "auth.permission", "pk": 19, "fields": {"name": "Can add post", "content_type": 7, "codename": "add_post"}}, {"model": "auth.permission", "pk": 20, "fields": {"name": "Can change post", "content_type": 7, "codename": "change_post"}}, {"model": "auth.permission", "pk": 21, "fields": {"name": "Can delete post", "content_type": 7, "codename": "delete_post"}}, {"model": "auth.permission", "pk": 22, "fields": {"name": "Can add submit", "content_type": 8, "codename": "add_submit"}}, {"model": "auth.permission", "pk": 23, "fields": {"name": "Can change submit", "content_type": 8, "codename": "change_submit"}}, {"model": "auth.permission", "pk": 24, "fields": {"name": "Can delete submit", "content_type": 8, "codename": "delete_submit"}}, {"model": "auth.permission", "pk": 25, "fields": {"name": "Can add tag", "content_type": 9, "codename": "add_tag"}}, {"model": "auth.permission", "pk": 26, "fields": {"name": "Can change tag", "content_type": 9, "codename": "change_tag"}}, {"model": "auth.permission", "pk": 27, "fields": {"name": "Can delete tag", "content_type": 9, "codename": "delete_tag"}}, {"model": "auth.user", "pk": 1, "fields": {"password": "pbkdf2_sha256$260000$MoISirk8AvXCahoMgHeETy$bXYSF7TIfbTLQiMkyTRe0a4OoDYaYK7oTdWr8JC74EQ=", "last_login": "2021-06-08T13:37:09.324Z", "is_superuser": true, "username": "slava", "first_name": "", "last_name": "", "email": "", "is_staff": true, "is_active": true, "date_joined": "2021-06-06T16:44:28.917Z", "groups": [], "user_permissions": []}}, {"model": "auth.user", "pk": 2, "fields": {"password": "pbkdf2_sha256$100000$PNK6nrF39ixj$6/C6tpsWJ/Q9akV1OnBUri45lyYnKErAQeVTlynkt5Y=", "last_login": "2021-06-06T21:21:13.366Z", "is_superuser": false, "username": "TestUser", "first_name": "", "last_name": "", "email": "", "is_staff": false, "is_active": true, "date_joined": "2021-06-06T21:20:13.418Z", "groups": [], "user_permissions": []}}, {"model": "contenttypes.contenttype", "pk": 1, "fields": {"app_label": "admin", "model": "logentry"}}, {"model": "contenttypes.contenttype", "pk": 2, "fields": {"app_label": "auth", "model": "permission"}}, {"model": "contenttypes.contenttype", "pk": 3, "fields": {"app_label": "auth", "model": "group"}}, {"model": "contenttypes.contenttype", "pk": 4, "fields": {"app_label": "auth", "model": "user"}}, {"model": "contenttypes.contenttype", "pk": 5, "fields": {"app_label": "contenttypes", "model": "contenttype"}}, {"model": "contenttypes.contenttype", "pk": 6, "fields": {"app_label": "sessions", "model": "session"}}, {"model": "contenttypes.contenttype", "pk": 7, "fields": {"app_label": "blog", "model": "post"}}, {"model": "contenttypes.contenttype", "pk": 8, "fields": {"app_label": "blog", "model": "submit"}}, {"model": "contenttypes.contenttype", "pk": 9, "fields": {"app_label": "blog", "model": "tag"}}, {"model": "sessions.session", "pk": "65alwnqoaldb0npliu08r65rp4u4ggyd", "fields": {"session_data": "YzExYzg4ODJlMGEyN2IyNTc4ZGE1M2ZjNzE5YmUxNGRlOTFkZGEwODp7Il9hdXRoX3VzZXJfaWQiOiIxIiwiX2F1dGhfdXNlcl9iYWNrZW5kIjoiZGphbmdvLmNvbnRyaWIuYXV0aC5iYWNrZW5kcy5Nb2RlbEJhY2tlbmQiLCJfYXV0aF91c2VyX2hhc2giOiI0YWJjMDEzMzhhYjYzZDkyZjM5NTc2MTNjZWExYjRlYjdjZDJhNjc0In0=", "expire_date": "2021-06-20T21:56:20.949Z"}}, {"model": "sessions.session", "pk": "f8wjbar4lhd7qa9v46jo1g94fahtervu", "fields": {"session_data": ".eJxVjMsOwiAQRf-FtSEFRh4u3fsNZIAZqRqalHZl_HdD0oVu7znnvkXEfatx77TGuYiLUOL0uyXMT2oDlAe2-yLz0rZ1TnIo8qBd3pZCr-vh_h1U7HXUHsKUybEBBpqSh0SG2OnArvA5O6WDz9ZZNJZDggQeLDKD1WC8UeLzBfJ9N8k:1lqbun:fu0Lz_zus9g2-oRomq7Q2P5mCJm9zC_IDy-eIrAca4Y", "expire_date": "2021-06-22T13:37:09.326Z"}}, {"model": "sessions.session", "pk": "z0srvh03ljayh1gkvnufcc1e033gcrb1", "fields": {"session_data": ".eJxVjMsOwiAQRf-FtSEFRh4u3fsNZIAZqRqalHZl_HdD0oVu7znnvkXEfatx77TGuYiLUOL0uyXMT2oDlAe2-yLz0rZ1TnIo8qBd3pZCr-vh_h1U7HXUHsKUybEBBpqSh0SG2OnArvA5O6WDz9ZZNJZDggQeLDKD1WC8UeLzBfJ9N8k:1lqNNN:aq7wjBQ1cWU2oztWJT98VS5MnECmNgFBtdNiyl_Sogs", "expire_date": "2021-06-21T22:05:41.878Z"}}, {"model": "blog.post", "pk": 1, "fields": {"title": "test Task", "slug": "test-task-1622997925", "body": "Please echo input.txt in output.txt", "date_pub": "2021-06-06T16:45:25.573Z", "input": "links_BUVvKYw.txt", "output": "links_ZC9pVne.txt", "time_limit": 1.0, "memory_limit": 268435456, "tags": [2, 1]}}, {"model": "blog.post", "pk": 2, "fields": {"title": "Another echo", "slug": "another-echo-1623016737", "body": "Another echo echo", "date_pub": "2021-06-06T21:58:57.067Z", "input": "links.txt", "output": "links_fkp5aCj.txt", "time_limit": 1.0, "memory_limit": 268435456, "tags": [2, 1]}}, {"model": "blog.post", "pk": 3, "fields": {"title": "New Post", "slug": "new-post-1623148617", "body": "Print \"Hello World!\"", "date_pub": "2021-06-08T10:36:57.543Z", "input": "links_DVX1rfU.txt", "output": "links_w6J5C4U.txt", "time_limit": 1.0, "memory_limit": 268435456, "tags": []}}, {"model": "blog.tag", "pk": 1, "fields": {"title": "df", "slug": "dd"}}, {"model": "blog.tag", "pk": 2, "fields": {"title": "bfs", "slug": "some_bfs"}}, {"model": "blog.submit", "pk": 1, "fields": {"author": 1, "date_pub": "2021-06-06T16:49:20.108Z", "task": 1, "code": "def sol():\r\n\twith open('input.txt', 'r') as input:\r\n\t\twith open('output.txt', 'w') as output:\r\n\t\t\toutput.write(input.read())", "verdict": "OK"}}, {"model": "blog.submit", "pk": 2, "fields": {"author": 1, "date_pub": "2021-06-06T17:19:08.350Z", "task": 1, "code": "def sol():\r\n\twith open('input.txt', 'r') as input:\r\n\t\twith open('output.txt', 'w') as output:\r\n\t\t\toutput.write(input.read())", "verdict": "OK"}}, {"model": "blog.submit", "pk": 3, "fields": {"author": 1, "date_pub": "2021-06-06T17:19:27.395Z", "task": 1, "code": "def sol():", "verdict": "RE"}}, {"model": "blog.submit", "pk": 4, "fields": {"author": 1, "date_pub": "2021-06-06T17:22:39.977Z", "task": 1, "code": "def sol():\r\n\twith open('input.txt', 'r') as input:\r\n\t\twith open('output.txt', 'w') as output:\r\n\t\t\toutput.write(input.read())", "verdict": "OK"}}, {"model": "blog.submit", "pk": 5, "fields": {"author": 1, "date_pub": "2021-06-06T17:22:50.409Z", "task": 1, "code": "def sol():", "verdict": "RE"}}, {"model": "blog.submit", "pk": 6, "fields": {"author": 1, "date_pub": "2021-06-06T17:26:49.114Z", "task": 1, "code": "def sol():", "verdict": "RE"}}, {"model": "blog.submit", "pk": 7, "fields": {"author": 1, "date_pub": "2021-06-06T17:26:52.887Z", "task": 1, "code": "def sol():\r\n\twith open('input.txt', 'r') as input:\r\n\t\twith open('output.txt', 'w') as output:\r\n\t\t\toutput.write(input.read())", "verdict": "OK"}}, {"model": "blog.submit", "pk": 8, "fields": {"author": 1, "date_pub": "2021-06-06T17:27:05.055Z", "task": 1, "code": "def sol():", "verdict": "RE"}}, {"model": "blog.submit", "pk": 9, "fields": {"author": 1, "date_pub": "2021-06-06T17:28:04.197Z", "task": 1, "code": "def sol():", "verdict": "RE"}}, {"model": "blog.submit", "pk": 10, "fields": {"author": 1, "date_pub": "2021-06-06T17:28:06.300Z", "task": 1, "code": "def sol():", "verdict": "RE"}}, {"model": "blog.submit", "pk": 11, "fields": {"author": 1, "date_pub": "2021-06-06T17:29:35.766Z", "task": 1, "code": "def sol():", "verdict": "RE"}}, {"model": "blog.submit", "pk": 12, "fields": {"author": 1, "date_pub": "2021-06-06T17:29:42.840Z", "task": 1, "code": "def sol():", "verdict": "RE"}}, {"model": "blog.submit", "pk": 13, "fields": {"author": 1, "date_pub": "2021-06-06T17:29:44.882Z", "task": 1, "code": "def sol():", "verdict": "RE"}}, {"model": "blog.submit", "pk": 14, "fields": {"author": 1, "date_pub": "2021-06-06T17:31:38.091Z", "task": 1, "code": "def sol():", "verdict": "RE"}}, {"model": "blog.submit", "pk": 15, "fields": {"author": 1, "date_pub": "2021-06-06T17:31:39.987Z", "task": 1, "code": "def sol():", "verdict": "RE"}}, {"model": "blog.submit", "pk": 16, "fields": {"author": 1, "date_pub": "2021-06-06T17:32:25.616Z", "task": 1, "code": "def sol():", "verdict": "RE"}}, {"model": "blog.submit", "pk": 17, "fields": {"author": 1, "date_pub": "2021-06-06T17:32:55.267Z", "task": 1, "code": "def sol():\r\n\twith open('input.txt', 'r') as input:\r\n\t\twith open('output.txt', 'w') as output:\r\n\t\t\toutput.write(input.read())", "verdict": "RE"}}, {"model": "blog.submit", "pk": 18, "fields": {"author": 1, "date_pub": "2021-06-06T17:32:57.153Z", "task": 1, "code": "def sol():\r\n\twith open('input.txt', 'r') as input:\r\n\t\twith open('output.txt', 'w') as output:\r\n\t\t\toutput.write(input.read())", "verdict": "RE"}}, {"model": "blog.submit", "pk": 19, "fields": {"author": 1, "date_pub": "2021-06-06T17:33:32.122Z", "task": 1, "code": "def sol():", "verdict": "RE"}}, {"model": "blog.submit", "pk": 20, "fields": {"author": 1, "date_pub": "2021-06-06T17:37:31.822Z", "task": 1, "code": "def sol():", "verdict": "RE"}}, {"model": "blog.submit", "pk": 21, "fields": {"author": 1, "date_pub": "2021-06-06T17:38:01.611Z", "task": 1, "code": "def sol():", "verdict": "RE"}}, {"model": "blog.submit", "pk": 22, "fields": {"author": 1, "date_pub": "2021-06-06T17:38:41.727Z", "task": 1, "code": "def sol():", "verdict": "RE"}}, {"model": "blog.submit", "pk": 23, "fields": {"author": 1, "date_pub": "2021-06-06T17:39:08.368Z", "task": 1, "code": "def sol():\r\n\twith open('input.txt', 'r') as input:\r\n\t\twith open('output.txt', 'w') as output:\r\n\t\t\toutput.write(input.read())", "verdict": "OK"}}, {"model": "blog.submit", "pk": 24, "fields": {"author": 1, "date_pub": "2021-06-06T18:35:10.343Z", "task": 1, "code": "def sol():", "verdict": "RE"}}, {"model": "blog.submit", "pk": 25, "fields": {"author": 1, "date_pub": "2021-06-06T18:35:35.788Z", "task": 1, "code": "def sol():", "verdict": "RE"}}, {"model": "blog.submit", "pk": 26, "fields": {"author": 1, "date_pub": "2021-06-06T18:37:02.192Z", "task": 1, "code": "def sol():\r\n\twith open('input.txt', 'r') as input:\r\n\t\twith open('output.txt', 'w') as output:\r\n\t\t\toutput.write(input.read())", "verdict": "OK"}}, {"model": "blog.submit", "pk": 27, "fields": {"author": 1, "date_pub": "2021-06-06T18:37:05.210Z", "task": 1, "code": "def sol():", "verdict": "RE"}}, {"model": "blog.submit", "pk": 28, "fields": {"author": 1, "date_pub": "2021-06-06T18:37:29.208Z", "task": 1, "code": "def sol():", "verdict": "RE"}}, {"model": "blog.submit", "pk": 29, "fields": {"author": 1, "date_pub": "2021-06-06T18:37:30.863Z", "task": 1, "code": "def sol():", "verdict": "RE"}}, {"model": "blog.submit", "pk": 30, "fields": {"author": 1, "date_pub": "2021-06-06T18:45:18.269Z", "task": 1, "code": "def sol():", "verdict": "RE"}}, {"model": "blog.submit", "pk": 31, "fields": {"author": 1, "date_pub": "2021-06-06T18:45:39.197Z", "task": 1, "code": "def sol():", "verdict": "RE"}}, {"model": "blog.submit", "pk": 32, "fields": {"author": 1, "date_pub": "2021-06-06T18:46:00.107Z", "task": 1, "code": "def sol():", "verdict": "RE"}}, {"model": "blog.submit", "pk": 33, "fields": {"author": 1, "date_pub": "2021-06-06T19:26:52.251Z", "task": 1, "code": "def sol():", "verdict": "RE"}}, {"model": "blog.submit", "pk": 34, "fields": {"author": 1, "date_pub": "2021-06-06T19:27:04.316Z", "task": 1, "code": "def sol():", "verdict": "RE"}}, {"model": "blog.submit", "pk": 35, "fields": {"author": 1, "date_pub": "2021-06-06T19:29:52.246Z", "task": 1, "code": "def sol():\r\n\twith open('input.txt', 'r') as input:\r\n\t\twith open('output.txt', 'w') as output:\r\n\t\t\toutput.write(input.read())", "verdict": "OK"}}, {"model": "blog.submit", "pk": 36, "fields": {"author": 1, "date_pub": "2021-06-06T19:30:09.372Z", "task": 1, "code": "def sol():", "verdict": "RE"}}, {"model": "blog.submit", "pk": 37, "fields": {"author": 1, "date_pub": "2021-06-06T19:30:10.685Z", "task": 1, "code": "def sol():\r\n\twith open('input.txt', 'r') as input:\r\n\t\twith open('output.txt', 'w') as output:\r\n\t\t\toutput.write(input.read())", "verdict": "OK"}}, {"model": "blog.submit", "pk": 38, "fields": {"author": 1, "date_pub": "2021-06-06T19:34:10.194Z", "task": 1, "code": "def sol():", "verdict": "RE"}}, {"model": "blog.submit", "pk": 39, "fields": {"author": 1, "date_pub": "2021-06-06T19:34:29.844Z", "task": 1, "code": "def sol():\r\n\twith open('input.txt', 'r') as input:\r\n\t\twith open('output.txt', 'w') as output:\r\n\t\t\toutput.write(input.read())", "verdict": "OK"}}, {"model": "blog.submit", "pk": 40, "fields": {"author": 1, "date_pub": "2021-06-06T19:34:31.273Z", "task": 1, "code": "def sol():\r\n\twith open('input.txt', 'r') as input:\r\n\t\twith open('output.txt', 'w') as output:\r\n\t\t\toutput.write(input.read())", "verdict": "OK"}}, {"model": "blog.submit", "pk": 41, "fields": {"author": 1, "date_pub": "2021-06-06T19:36:07.421Z", "task": 1, "code": "def sol():", "verdict": "RE"}}, {"model": "blog.submit", "pk": 42, "fields": {"author": 1, "date_pub": "2021-06-06T19:36:45.742Z", "task": 1, "code": "def sol():", "verdict": "RE"}}, {"model": "blog.submit", "pk": 43, "fields": {"author": 1, "date_pub": "2021-06-06T19:38:12.365Z", "task": 1, "code": "def sol():", "verdict": "RE"}}, {"model": "blog.submit", "pk": 44, "fields": {"author": 2, "date_pub": "2021-06-06T21:21:37.325Z", "task": 1, "code": "def sol():\r\n\twith open('input.txt', 'r') as input:\r\n\t\twith open('output.txt', 'w') as output:\r\n\t\t\toutput.write(input.read())", "verdict": "OK"}}, {"model": "blog.submit", "pk": 45, "fields": {"author": 1, "date_pub": "2021-06-06T21:59:34.065Z", "task": 2, "code": "def sol():\r\n\twith open('input.txt', 'r') as input:\r\n\t\twith open('output.txt', 'w') as output:\r\n\t\t\toutput.write(input.read())", "verdict": "OK"}}, {"model": "blog.submit", "pk": 46, "fields": {"author": 1, "date_pub": "2021-06-08T13:02:23.068Z", "task": 3, "code": "def sol():", "verdict": "RE"}}, {"model": "blog.submit", "pk": 47, "fields": {"author": 1, "date_pub": "2021-06-08T13:02:37.894Z", "task": 3, "code": "def sol():\r\n\twhile True:\r\n\t\tpass", "verdict": "TL"}}, {"model": "blog.submit", "pk": 48, "fields": {"author": 1, "date_pub": "2021-06-08T13:35:55.654Z", "task": 3, "code": "def sol():", "verdict": "RE"}}]